[{"id":"6281575886399@s.whatsapp.net","healt":80},{"id":"12496030270@s.whatsapp.net","healt":70},{"id":"6282331660134@s.whatsapp.net","healt":100},{"id":"6282331660134@s.whatsapp.net","healt":70},{"id":"6282331660134@s.whatsapp.net","healt":80},{"id":"6282331660134@s.whatsapp.net","healt":100},{"id":"6282331660134@s.whatsapp.net","healt":90},{"id":"6282331660134@s.whatsapp.net","healt":50},{"id":"6282331660134@s.whatsapp.net","healt":80},{"id":"6289630193133@s.whatsapp.net","healt":90},{"id":"6289630193133@s.whatsapp.net","healt":90},{"id":"6289630193133@s.whatsapp.net","healt":90},{"id":"6288975467930@s.whatsapp.net","healt":90},{"id":"6288975467930@s.whatsapp.net","healt":80},{"id":"6289630193133@s.whatsapp.net","healt":100},{"id":"6289630193133@s.whatsapp.net","healt":90},{"id":"6289630193133@s.whatsapp.net","healt":70},{"id":"6288975467930@s.whatsapp.net","healt":90},{"id":"6288975467930@s.whatsapp.net","healt":100},{"id":"6288986214649@s.whatsapp.net","healt":100},{"id":"62895341811618@s.whatsapp.net","healt":100},{"id":"6285334674485@s.whatsapp.net","healt":90},{"id":"6287760480575@s.whatsapp.net","healt":90},{"id":"6285745267782@s.whatsapp.net","healt":50},{"id":"62857452677827@s.whatsapp.net","healt":100},{"id":"62857452677827@s.whatsapp.net","healt":100},{"id":"62857452677827@s.whatsapp.net","healt":90},{"id":"855319297958@s.whatsapp.net","healt":50},{"id":"6285215297060@s.whatsapp.net","healt":80},{"id":"628812459736@s.whatsapp.net","healt":90},{"id":"6282352827228@s.whatsapp.net","healt":100},{"id":"6282210380566@s.whatsapp.net","healt":100},{"id":"6282226516350@s.whatsapp.net","healt":90},{"id":"6285137940698@s.whatsapp.net","healt":100},{"id":"6282190658725@s.whatsapp.net","healt":100},{"id":"6281240024435@s.whatsapp.net","healt":100}]