[{"id":"6281575886399@s.whatsapp.net","ikan":1,"ayam":1,"kelinci":6,"domba":0,"sapi":0,"gajah":2},{"id":"12496030270@s.whatsapp.net","ikan":9,"ayam":13,"kelinci":5,"domba":10,"sapi":3,"gajah":5},{"id":"6282331660134@s.whatsapp.net","ikan":0,"ayam":0,"kelinci":0,"domba":0,"sapi":0,"gajah":0},{"id":"6282331660134@s.whatsapp.net","ikan":4,"ayam":7,"kelinci":2,"domba":1,"sapi":0,"gajah":3},{"id":"6282331660134@s.whatsapp.net","ikan":8,"ayam":11,"kelinci":7,"domba":0,"sapi":3,"gajah":3},{"id":"6282331660134@s.whatsapp.net","ikan":0,"ayam":0,"kelinci":0,"domba":0,"sapi":0,"gajah":0},{"id":"6282331660134@s.whatsapp.net","ikan":5,"ayam":3,"kelinci":1,"domba":0,"sapi":1,"gajah":0},{"id":"6282331660134@s.whatsapp.net","ikan":34,"ayam":17,"kelinci":25,"domba":10,"sapi":14,"gajah":1},{"id":"6282331660134@s.whatsapp.net","ikan":0,"ayam":0,"kelinci":0,"domba":0,"sapi":0,"gajah":0},{"id":"6282331660134@s.whatsapp.net","ikan":0,"ayam":0,"kelinci":0,"domba":0,"sapi":0,"gajah":0},{"id":"6289630193133@s.whatsapp.net","ikan":0,"ayam":0,"kelinci":0,"domba":0,"sapi":0,"gajah":0},{"id":"6289630193133@s.whatsapp.net","ikan":0,"ayam":0,"kelinci":0,"domba":0,"sapi":0,"gajah":0},{"id":"6289630193133@s.whatsapp.net","ikan":1,"ayam":8,"kelinci":3,"domba":0,"sapi":0,"gajah":0},{"id":"6289630193133@s.whatsapp.net","ikan":-2,"ayam":0,"kelinci":0,"domba":0,"sapi":0,"gajah":0},{"id":"6289630193133@s.whatsapp.net","ikan":0,"ayam":0,"kelinci":0,"domba":0,"sapi":0,"gajah":0},{"id":"6288975467930@s.whatsapp.net","ikan":2,"ayam":5,"kelinci":1,"domba":5,"sapi":5,"gajah":0},{"id":"6288975467930@s.whatsapp.net","ikan":10,"ayam":8,"kelinci":6,"domba":7,"sapi":3,"gajah":1},{"id":"6289630193133@s.whatsapp.net","ikan":0,"ayam":0,"kelinci":0,"domba":0,"sapi":0,"gajah":0},{"id":"6289630193133@s.whatsapp.net","ikan":7,"ayam":6,"kelinci":3,"domba":5,"sapi":0,"gajah":0},{"id":"6289630193133@s.whatsapp.net","ikan":13,"ayam":8,"kelinci":8,"domba":5,"sapi":7,"gajah":0},{"id":"6288975467930@s.whatsapp.net","ikan":13,"ayam":11,"kelinci":10,"domba":10,"sapi":5,"gajah":5},{"id":"6288975467930@s.whatsapp.net","ikan":5,"ayam":5,"kelinci":5,"domba":5,"sapi":5,"gajah":5},{"id":"6288986214649@s.whatsapp.net","ikan":5,"ayam":5,"kelinci":5,"domba":5,"sapi":5,"gajah":5},{"id":"62895341811618@s.whatsapp.net","ikan":5,"ayam":5,"kelinci":5,"domba":5,"sapi":5,"gajah":5},{"id":"6281279032190@s.whatsapp.net","ikan":5,"ayam":5,"kelinci":5,"domba":5,"sapi":5,"gajah":5},{"id":"6283842839555@s.whatsapp.net","ikan":5,"ayam":5,"kelinci":5,"domba":5,"sapi":5,"gajah":5},{"id":"6287760480575@s.whatsapp.net","ikan":7,"ayam":7,"kelinci":7,"domba":6,"sapi":5,"gajah":5},{"id":"6288271843019@s.whatsapp.net","ikan":5,"ayam":5,"kelinci":5,"domba":5,"sapi":5,"gajah":5},{"id":"6285334674485@s.whatsapp.net","ikan":6,"ayam":9,"kelinci":12,"domba":5,"sapi":9,"gajah":6},{"id":"6288293167807@s.whatsapp.net","ikan":5,"ayam":5,"kelinci":5,"domba":5,"sapi":5,"gajah":5},{"id":"6285774560074@s.whatsapp.net","ikan":5,"ayam":5,"kelinci":5,"domba":5,"sapi":5,"gajah":5},{"id":"62882003728763@s.whatsapp.net","ikan":5,"ayam":5,"kelinci":5,"domba":5,"sapi":5,"gajah":5},{"id":"60109102984@s.whatsapp.net","ikan":5,"ayam":5,"kelinci":5,"domba":5,"sapi":5,"gajah":5},{"id":"6285745267782@s.whatsapp.net","ikan":20,"ayam":23,"kelinci":22,"domba":5,"sapi":9,"gajah":9},{"id":"62857452677827@s.whatsapp.net","ikan":5,"ayam":5,"kelinci":5,"domba":5,"sapi":5,"gajah":5},{"id":"62857452677827@s.whatsapp.net","ikan":5,"ayam":5,"kelinci":5,"domba":5,"sapi":5,"gajah":5},{"id":"62857452677827@s.whatsapp.net","ikan":12,"ayam":13,"kelinci":12,"domba":5,"sapi":5,"gajah":9},{"id":"855319297958@s.whatsapp.net","ikan":13,"ayam":17,"kelinci":15,"domba":14,"sapi":12,"gajah":8},{"id":"6285850213046@s.whatsapp.net","ikan":0,"ayam":5,"kelinci":5,"domba":5,"sapi":5,"gajah":5},{"id":"6283109998508@s.whatsapp.net","ikan":5,"ayam":5,"kelinci":5,"domba":5,"sapi":5,"gajah":5},{"id":"6285271922527@s.whatsapp.net","ikan":5,"ayam":5,"kelinci":5,"domba":5,"sapi":5,"gajah":5},{"id":"628812459736@s.whatsapp.net","ikan":10,"ayam":8,"kelinci":8,"domba":5,"sapi":7,"gajah":8},{"id":"6285215297060@s.whatsapp.net","ikan":8,"ayam":7,"kelinci":11,"domba":15,"sapi":9,"gajah":12},{"id":"6282352827228@s.whatsapp.net","ikan":5,"ayam":5,"kelinci":5,"domba":5,"sapi":5,"gajah":5},{"id":"6282210380566@s.whatsapp.net","ikan":5,"ayam":5,"kelinci":5,"domba":5,"sapi":5,"gajah":5},{"id":"6282226516350@s.whatsapp.net","ikan":3,"ayam":5,"kelinci":5,"domba":5,"sapi":5,"gajah":5},{"id":"6285137940698@s.whatsapp.net","ikan":5,"ayam":5,"kelinci":5,"domba":5,"sapi":5,"gajah":5},{"id":"6282190658725@s.whatsapp.net","ikan":5,"ayam":5,"kelinci":5,"domba":5,"sapi":5,"gajah":5},{"id":"6281240024435@s.whatsapp.net","ikan":5,"ayam":5,"kelinci":5,"domba":5,"sapi":5,"gajah":5}]