[{"id":"6281575886399@s.whatsapp.net","monay":1000},{"id":"6281575886399@s.whatsapp.net","monay":-1224999000},{"id":"6281575886399@s.whatsapp.net","monay":-69000},{"id":"12496030270@s.whatsapp.net","monay":1000},{"id":"6282331660134@s.whatsapp.net","monay":101000},{"id":"6289630193133@s.whatsapp.net","monay":100},{"id":"6289630193133@s.whatsapp.net","monay":53100},{"id":"6289630193133@s.whatsapp.net","monay":100},{"id":"6289630193133@s.whatsapp.net","monay":100},{"id":"6289630193133@s.whatsapp.net","monay":-34900},{"id":"6281279032190@s.whatsapp.net"},{"id":"6283842839555@s.whatsapp.net"},{"id":"6287760480575@s.whatsapp.net"},{"id":"6288271843019@s.whatsapp.net"},{"id":"6288293167807@s.whatsapp.net"},{"id":"6285774560074@s.whatsapp.net"},{"id":"62882003728763@s.whatsapp.net"},{"id":"60109102984@s.whatsapp.net"},{"id":"6285745267782@s.whatsapp.net"},{"id":"6285745267782@s.whatsapp.net","monay":null},{"id":"855319297958@s.whatsapp.net","monay":7500},{"id":"6285850213046@s.whatsapp.net","monay":null},{"id":"6283109998508@s.whatsapp.net"},{"id":"6285271922527@s.whatsapp.net"},{"id":"628812459736@s.whatsapp.net"},{"id":"6285215297060@s.whatsapp.net","monay":null},{"id":"6285137940698@s.whatsapp.net"},{"id":"6282226516350@s.whatsapp.net","monay":null}]